Timestamp,From Bank,Account,To Bank,Account,Amount Received,Receiving Currency,Amount Paid,Payment Currency,Payment Format,Is Laundering
2026/09/28 08:00,BNK_US_01,ACC_RING1_A,BNK_CH_01,ACC_RING1_B,98800.00,USD,100000.00,USD,Wire,1
2026/09/28 10:15,BNK_CH_01,ACC_RING1_B,BNK_KY_01,ACC_RING1_C,97500.00,USD,98800.00,USD,Wire,1
2026/09/28 13:30,BNK_KY_01,ACC_RING1_C,BNK_SG_01,ACC_RING1_D,96200.00,USD,97500.00,USD,Wire,1
2026/09/28 16:45,BNK_SG_01,ACC_RING1_D,BNK_US_01,ACC_RING1_A,95000.00,USD,96200.00,USD,Wire,1
2026/09/28 09:00,BNK_US_01,ACC_RING2_ORIGIN,BNK_GB_01,ACC_RING2_MULE1,74000.00,USD,75000.00,USD,Wire,1
2026/09/28 11:20,BNK_GB_01,ACC_RING2_MULE1,BNK_PA_01,ACC_RING2_MULE2,72800.00,USD,74000.00,USD,Wire,1
2026/09/28 14:10,BNK_PA_01,ACC_RING2_MULE2,BNK_CH_01,ACC_RING2_RETURN,71500.00,USD,72800.00,USD,Wire,1
2026/09/28 07:30,BNK_KY_01,ACC_RING3_S1,BNK_LU_01,ACC_RING3_INTER1,148000.00,USD,150000.00,USD,Wire,1
2026/09/28 12:00,BNK_LU_01,ACC_RING3_INTER1,BNK_SG_01,ACC_RING3_INTER2,146000.00,USD,148000.00,USD,Wire,1
2026/09/28 15:30,BNK_SG_01,ACC_RING3_INTER2,BNK_VG_01,ACC_RING3_S2,144500.00,USD,146000.00,USD,Wire,1
2026/09/28 08:30,BNK_US_01,ACC_CLEAN_01,BNK_GB_01,ACC_CLEAN_02,12500.00,USD,12500.00,USD,ACH,0
2026/09/28 11:00,BNK_GB_01,ACC_CLEAN_02,BNK_CH_01,ACC_CLEAN_03,4200.00,USD,4200.00,USD,Wire,0
